,Z,N,A,half_life,half_life_unit,half_life_type,br_alpha,br_alpha_type,half_life_alpha,half_life_alpha_unit,Q_alpha,Q_alpha_unit
107Te,52,55,107,3.6,ms,symmetric,70.0,symmetric,0.0051428571428571435,s,4.0103533,MeV
105Te,52,53,105,0.63,us,symmetric,100.0,approximation,6.3e-07,s,5.0691999,MeV
108Te,52,56,108,2.1,s,symmetric,49.0,symmetric,4.285714285714286,s,3.420465,MeV
109Te,52,57,109,4.4,s,symmetric,3.9,symmetric,112.82051282051283,s,3.1976861,MeV
108I,53,55,108,26.4,ms,symmetric,99.5,symmetric,0.026532663316582914,s,4.098666199999999,MeV
109I,53,56,109,92.7,us,symmetric,0.014,symmetric,0.662142857142857,s,3.9180699,MeV
112I,53,59,112,3.34,s,symmetric,0.0012,approximation,278333.3333333334,s,2.9570864,MeV
110I,53,57,110,0.67,s,symmetric,17.0,symmetric,3.941176470588235,s,3.5805414,MeV
111I,53,58,111,2.5,s,symmetric,0.1,approximation,2500.0,s,3.2745378,MeV
111Xe,54,57,111,0.74,s,symmetric,10.4,symmetric,7.115384615384615,s,3.7121503,MeV
110Xe,54,56,110,93,ms,symmetric,64.0,symmetric,0.1453125,s,3.8722066,MeV
108Xe,54,54,108,58,us,asymmetric,100.0,symmetric,5.8e-05,s,4.5695582,MeV
112Xe,54,58,112,2.7,s,symmetric,0.8,asymmetric,337.5,s,3.3304128,MeV
114Cs,55,59,114,0.57,s,symmetric,0.018,symmetric,3166.6666666666665,s,3.3569999,MeV
114Ba,56,58,114,0.41,s,asymmetric,0.9,symmetric,45.55555555555555,s,3.5922840000000003,MeV
144Nd,60,84,144,2287500000000000,y,symmetric,100.0,symmetric,7.218801e+22,s,1.9012829,MeV
145Pm,61,84,145,17.7,y,symmetric,2.8e-07,symmetric,1.9948911428571427e+17,s,2.3221114,MeV
147Eu,63,84,147,24.1,d,symmetric,0.0022,symmetric,94647272727.27272,s,2.991137,MeV
148Eu,63,85,148,54.4,d,symmetric,9.4e-07,symmetric,500017021276595.7,s,2.6937185,MeV
151Eu,63,88,151,4600000000000000000,y,symmetric,100.0,symmetric,1.4516496e+26,s,1.96397,MeV
149Gd,64,85,149,9.28,d,symmetric,0.00042,symmetric,190902857142.85712,s,3.0993183,MeV
151Gd,64,87,151,124.5,d,symmetric,8e-07,approximation,1344600000000000.2,s,2.6522117,MeV
149Tb,65,84,149,4.12,h,symmetric,16.7,symmetric,88814.37125748504,s,4.0779687,MeV
151Tb,65,86,151,17.609,h,symmetric,0.0095,symmetric,667288421.0526317,s,3.4961546,MeV
152Dy,66,86,152,2.38,h,symmetric,0.1,symmetric,8568000.0,s,3.7265401000000002,MeV
153Dy,66,87,153,6.42,h,symmetric,0.0094,symmetric,245872340.4255319,s,3.5590607,MeV
150Dy,66,84,150,7.17,m,symmetric,37.0,symmetric,1162.7027027027027,s,4.3512892,MeV
151Dy,66,85,151,18,m,symmetric,5.6,symmetric,19285.714285714286,s,4.179623899999999,MeV
151Ho,67,84,151,35.2,s,symmetric,22.0,symmetric,160.0,s,4.6950117,MeV
154Ho,67,87,154,11.76,m,symmetric,0.018,symmetric,3920000.0,s,4.0414946,MeV
152Ho,67,85,152,147,s,symmetric,12.0,symmetric,1225.0,s,4.507395300000001,MeV
153Ho,67,86,153,2.01,m,symmetric,0.051,symmetric,236470.58823529413,s,4.0516499,MeV
153Er,68,85,153,37.1,s,symmetric,53.0,symmetric,70.0,s,4.8023924,MeV
152Er,68,84,152,10.2,s,symmetric,90.0,symmetric,11.333333333333332,s,4.9342625,MeV
156Er,68,88,156,19.5,m,symmetric,1.2e-05,symmetric,9749999999.999998,s,3.4813646,MeV
155Er,68,87,155,5.3,m,symmetric,0.022,symmetric,1445454.5454545454,s,4.1183002,MeV
154Er,68,86,154,3.73,m,symmetric,0.47,symmetric,47617.021276595755,s,4.2797284,MeV
155Tm,69,86,155,21.6,s,symmetric,0.83,symmetric,2602.409638554217,s,4.571909,MeV
154Tm,69,85,154,8.1,s,symmetric,54.0,symmetric,14.999999999999998,s,5.0938336,MeV
153Tm,69,84,153,1.48,s,symmetric,91.0,symmetric,1.6263736263736264,s,5.2483281,MeV
157Tm,69,88,157,3.63,m,symmetric,0.00075,symmetric,29040000.0,s,3.877879,MeV
156Tm,69,87,156,83,s,symmetric,0.064,symmetric,129687.49999999999,s,4.345302800000001,MeV
156Yb,70,86,156,25,s,symmetric,10.0,symmetric,250.0,s,4.8097648,MeV
155Yb,70,85,155,1.79,s,symmetric,89.0,symmetric,2.0112359550561796,s,5.3387604,MeV
158Yb,70,88,158,1.49,m,symmetric,0.0021,symmetric,4257142.857142857,s,4.1704374,MeV
154Yb,70,84,154,409,ms,symmetric,92.6,symmetric,0.4416846652267819,s,5.4743142,MeV
158Lu,71,87,158,10.6,s,symmetric,0.91,symmetric,1164.8351648351647,s,4.790026,MeV
156Lu,71,85,156,494,ms,symmetric,100.0,approximation,0.494,s,5.595813000000001,MeV
155Lu,71,84,155,67,ms,symmetric,88.0,symmetric,0.07613636363636364,s,5.8016414,MeV
161Hf,72,89,161,18.4,s,symmetric,0.3,symmetric,6133.333333333333,s,4.6791789,MeV
159Hf,72,87,159,5.2,s,symmetric,12.0,symmetric,43.333333333333336,s,5.225092,MeV
160Hf,72,88,160,13.6,s,symmetric,0.7,symmetric,1942.8571428571431,s,4.9018746,MeV
157Hf,72,85,157,115,ms,symmetric,94.0,symmetric,0.1223404255319149,s,5.8800072000000005,MeV
158Hf,72,86,158,2.9,s,symmetric,44.3,symmetric,6.54627539503386,s,5.404777500000001,MeV
156Hf,72,84,156,23,ms,symmetric,100.0,approximation,0.023,s,6.0259559000000005,MeV
162Hf,72,90,162,38.7,s,symmetric,0.008,symmetric,483750.0,s,4.4162789,MeV
162Ta,73,89,162,3.56,s,symmetric,0.074,symmetric,4810.810810810811,s,5.0058799,MeV
159Ta,73,86,159,1.04,s,symmetric,34.0,symmetric,3.0588235294117645,s,5.680983400000001,MeV
157Ta,73,84,157,10.2,ms,symmetric,96.6,symmetric,0.010559006211180125,s,6.3545986999999995,MeV
158Ta,73,85,158,49,ms,symmetric,100.0,approximation,0.049,s,6.1236044000000005,MeV
163W,74,89,163,2.7,s,symmetric,14.0,symmetric,19.285714285714285,s,5.5192516,MeV
162W,74,88,162,0.99,s,symmetric,46.0,symmetric,2.152173913043478,s,5.6782669,MeV
161W,74,87,161,409,ms,symmetric,73.0,symmetric,0.5602739726027397,s,5.9228816,MeV
160W,74,86,160,91,ms,symmetric,87.0,symmetric,0.10459770114942529,s,6.0655256,MeV
159W,74,85,159,8.5,ms,symmetric,100.0,approximation,0.0085,s,6.4508877,MeV
168W,74,94,168,50.9,s,symmetric,0.0032,symmetric,1590625.0,s,4.50051,MeV
167W,74,93,167,19.9,s,symmetric,0.04,symmetric,49749.99999999999,s,4.7511923,MeV
166W,74,92,166,19.2,s,symmetric,0.035,symmetric,54857.14285714285,s,4.8560389,MeV
165W,74,91,165,5.1,s,symmetric,0.1,symmetric,5099.999999999999,s,5.0295853,MeV
164W,74,90,164,6.34,s,symmetric,3.8,symmetric,166.8421052631579,s,5.278276300000001,MeV
163Re,75,88,163,390,ms,symmetric,32.0,symmetric,1.21875,s,6.0119883000000005,MeV
162Re,75,87,162,107,ms,symmetric,94.0,symmetric,0.11382978723404256,s,6.2403702,MeV
161Re,75,86,161,0.44,ms,symmetric,0.7,symmetric,0.06285714285714286,s,6.3282117,MeV
160Re,75,85,160,0.612,ms,symmetric,11.0,symmetric,0.0055636363636363635,s,6.6977533000000005,MeV
169Re,75,94,169,8.1,s,symmetric,0.005,symmetric,161999.99999999997,s,5.0137087000000005,MeV
168Re,75,93,168,4.4,s,symmetric,0.005,approximation,88000.0,s,5.0629999,MeV
167Re,75,92,167,5.9,s,symmetric,1.0,approximation,590.0,s,5.276,MeV
165Re,75,90,165,1.6,s,symmetric,14.0,symmetric,11.428571428571429,s,5.6943058,MeV
166Os,76,90,166,212,ms,symmetric,83.0,symmetric,0.25542168674698795,s,6.1427746,MeV
167Os,76,91,167,839,ms,symmetric,51.0,symmetric,1.6450980392156862,s,5.9846624,MeV
168Os,76,92,168,2.1,s,symmetric,45.0,symmetric,4.666666666666667,s,5.8156444,MeV
169Os,76,93,169,3.4,s,symmetric,13.7,symmetric,24.817518248175183,s,5.7134159,MeV
170Os,76,94,170,7.4,s,symmetric,9.5,symmetric,77.89473684210526,s,5.536863500000001,MeV
171Os,76,95,171,8.3,s,symmetric,1.8,symmetric,461.1111111111111,s,5.3710583,MeV
172Os,76,96,172,19.2,s,symmetric,1.2,symmetric,1600.0,s,5.2243737,MeV
173Os,76,97,173,22.4,s,symmetric,0.4,symmetric,5599.999999999999,s,5.0547005,MeV
174Os,76,98,174,44,s,symmetric,0.02,asymmetric,220000.0,s,4.8705053,MeV
161Os,76,85,161,0.64,ms,symmetric,100.0,approximation,0.00064,s,7.068857200000001,MeV
162Os,76,86,162,2.1,ms,symmetric,100.0,approximation,0.0021000000000000003,s,6.767783400000001,MeV
163Os,76,87,163,5.8,ms,symmetric,100.0,approximation,0.0058,s,6.6725656,MeV
164Os,76,88,164,21,ms,symmetric,96.0,asymmetric,0.021875000000000002,s,6.4794339,MeV
165Os,76,89,165,71,ms,symmetric,90.0,symmetric,0.07888888888888888,s,6.3354935,MeV
184Os,76,108,184,11200000000000,y,symmetric,100.0,approximation,3.5344512e+20,s,2.9587617,MeV
177Ir,77,100,177,30,s,symmetric,0.06,symmetric,50000.00000000001,s,5.081529400000001,MeV
167Ir,77,90,167,30,ms,symmetric,44.0,symmetric,0.06818181818181819,s,6.5048887,MeV
169Ir,77,92,169,353,ms,symmetric,53.0,symmetric,0.6660377358490567,s,6.1410216,MeV
170Ir,77,93,170,0.87,s,asymmetric,5.2,symmetric,16.73076923076923,s,6.23,MeV
171Ir,77,94,171,3.2,s,asymmetric,15.0,symmetric,21.333333333333336,s,5.997,MeV
172Ir,77,95,172,4.4,s,symmetric,2.0,approximation,220.0,s,5.9905999,MeV
173Ir,77,96,173,9,s,symmetric,3.5,symmetric,257.1428571428571,s,5.7158754,MeV
174Ir,77,97,174,7.9,s,symmetric,0.5,symmetric,1580.0,s,5.693143500000001,MeV
175Ir,77,98,175,8.9,s,symmetric,0.85,symmetric,1047.0588235294117,s,5.430858100000001,MeV
176Ir,77,99,176,8.9,s,symmetric,3.1,symmetric,287.0967741935484,s,5.2600002,MeV
166Ir,77,89,166,11.7,ms,symmetric,93.0,symmetric,0.012580645161290321,s,6.7223507,MeV
178Pt,78,100,178,21,s,symmetric,7.7,symmetric,272.72727272727275,s,5.5729819,MeV
179Pt,78,101,179,21.2,s,symmetric,0.24,symmetric,8833.333333333334,s,5.4123174,MeV
184Pt,78,106,184,17.3,m,symmetric,0.0017,symmetric,61058823.52941177,s,4.5987954,MeV
185Pt,78,107,185,70.9,m,symmetric,0.005,symmetric,85080000.0,s,4.4369081,MeV
186Pt,78,108,186,2.08,h,symmetric,0.00014,approximation,5348571428.571429,s,4.3197459,MeV
180Pt,78,102,180,56,s,symmetric,0.52,symmetric,10769.23076923077,s,5.2763933,MeV
181Pt,78,103,181,52,s,symmetric,0.074,symmetric,70270.27027027027,s,5.1500349,MeV
182Pt,78,104,182,2.7,m,symmetric,0.038,symmetric,426315.7894736843,s,4.9509069,MeV
183Pt,78,105,183,6.5,m,symmetric,0.0096,symmetric,4062500.0000000005,s,4.8220248,MeV
188Pt,78,110,188,10.2,d,symmetric,2.6e-05,symmetric,3389538461538.4614,s,4.0066799,MeV
165Pt,78,87,165,260,us,asymmetric,100.0,approximation,0.00026,s,7.453005,MeV
167Pt,78,89,167,0.9,ms,symmetric,100.0,symmetric,0.0009000000000000001,s,7.158089200000001,MeV
169Pt,78,91,169,6.99,ms,symmetric,100.0,approximation,0.0069900000000000006,s,6.8576107,MeV
168Pt,78,90,168,2.02,ms,symmetric,100.0,approximation,0.00202,s,6.9897297,MeV
171Pt,78,93,171,46,ms,symmetric,90.0,symmetric,0.05111111111111111,s,6.6073756999999995,MeV
170Pt,78,92,170,13.9,ms,symmetric,100.0,approximation,0.013900000000000001,s,6.707408099999999,MeV
173Pt,78,95,173,374,ms,symmetric,84.0,symmetric,0.44523809523809527,s,6.3613102,MeV
172Pt,78,94,172,97.4,ms,symmetric,97.0,symmetric,0.10041237113402063,s,6.4634089999999995,MeV
175Pt,78,97,175,2.43,s,symmetric,64.0,symmetric,3.796875,s,6.163637700000001,MeV
174Pt,78,96,174,0.868,s,symmetric,75.0,symmetric,1.1573333333333333,s,6.1831682,MeV
177Pt,78,99,177,10,s,symmetric,5.7,symmetric,175.43859649122805,s,5.642897700000001,MeV
176Pt,78,98,176,6.32,s,symmetric,40.0,symmetric,15.8,s,5.8848064,MeV
170Au,79,91,170,0.29,ms,asymmetric,11.0,symmetric,0.0026363636363636363,s,7.1773107000000005,MeV
173Au,79,94,173,26.3,ms,symmetric,94.0,asymmetric,0.027978723404255324,s,6.8364832,MeV
172Au,79,93,172,22,ms,asymmetric,100.0,approximation,0.022,s,6.923303700000001,MeV
175Au,79,96,175,201,ms,symmetric,90.0,symmetric,0.22333333333333333,s,6.583427800000001,MeV
174Au,79,95,174,139,ms,symmetric,90.0,symmetric,0.15444444444444444,s,6.6992937,MeV
177Au,79,98,177,1.454,s,symmetric,54.0,symmetric,2.692592592592592,s,6.2978037,MeV
176Au,79,97,176,1.05,s,symmetric,58.0,symmetric,1.810344827586207,s,6.4334907,MeV
178Au,79,99,178,3.4,s,symmetric,16.0,symmetric,21.25,s,6.057992100000001,MeV
179Au,79,100,179,7.2,s,symmetric,22.0,symmetric,32.72727272727273,s,5.9810233,MeV
182Au,79,103,182,15.5,s,symmetric,0.13,symmetric,11923.076923076924,s,5.5254222,MeV
183Au,79,104,183,42.8,s,symmetric,0.55,symmetric,7781.81818181818,s,5.465315800000001,MeV
180Au,79,101,180,7.9,s,symmetric,0.58,symmetric,1362.0689655172416,s,5.8313605,MeV
181Au,79,102,181,13.7,s,symmetric,2.7,symmetric,507.40740740740733,s,5.7513689,MeV
186Au,79,107,186,10.7,m,symmetric,0.0008,symmetric,80250000.0,s,4.911910600000001,MeV
185Au,79,106,185,4.3,m,symmetric,0.26,symmetric,99230.76923076923,s,5.1799695,MeV
170Hg,80,90,170,80,us,asymmetric,100.0,symmetric,7.999999999999999e-05,s,7.77323,MeV
174Hg,80,94,174,1.9,ms,asymmetric,100.0,approximation,0.0019,s,7.2332692,MeV
173Hg,80,93,173,0.8,ms,symmetric,100.0,approximation,0.0008,s,7.3780245,MeV
172Hg,80,92,172,231,us,symmetric,100.0,approximation,0.00023099999999999998,s,7.5238007,MeV
171Hg,80,91,171,59,us,asymmetric,100.0,approximation,5.9e-05,s,7.6676865,MeV
178Hg,80,98,178,266,ms,symmetric,89.0,symmetric,0.298876404494382,s,6.5773459999999995,MeV
176Hg,80,96,176,20,ms,symmetric,94.0,asymmetric,0.02127659574468085,s,6.8971154,MeV
175Hg,80,95,175,10.2,ms,symmetric,100.0,symmetric,0.010199999999999999,s,7.0722101,MeV
179Hg,80,99,179,1.05,s,symmetric,75.0,symmetric,1.4000000000000001,s,6.3508448,MeV
183Hg,80,103,183,8.9,s,symmetric,23.6,symmetric,37.71186440677966,s,6.038556,MeV
184Hg,80,104,184,30.9,s,symmetric,1.11,symmetric,2783.7837837837837,s,5.6601723,MeV
185Hg,80,105,185,48.2,s,symmetric,6.0,symmetric,803.3333333333334,s,5.7729305,MeV
186Hg,80,106,186,1.38,m,symmetric,0.016,symmetric,517499.9999999999,s,5.2044457,MeV
188Hg,80,108,188,3.25,m,symmetric,3.7e-05,symmetric,527027027.0270271,s,4.7092193,MeV
180Hg,80,100,180,2.58,s,symmetric,48.0,symmetric,5.375,s,6.2584894,MeV
181Hg,80,101,181,3.6,s,symmetric,24.0,symmetric,15.000000000000002,s,6.2843935,MeV
182Hg,80,102,182,10.88,s,symmetric,13.8,symmetric,78.84057971014492,s,5.9956845,MeV
184Tl,81,103,184,9.5,s,symmetric,1.22,symmetric,778.688524590164,s,6.3173754,MeV
181Tl,81,100,181,2.9,s,symmetric,8.6,symmetric,33.72093023255814,s,6.322071200000001,MeV
177Tl,81,96,177,18,ms,symmetric,73.0,symmetric,0.024657534246575342,s,7.0669981,MeV
178Tl,81,97,178,254,ms,asymmetric,62.0,symmetric,0.4096774193548387,s,7.0200433,MeV
179Tl,81,98,179,426,ms,symmetric,60.0,symmetric,0.71,s,6.7091387000000005,MeV
180Tl,81,99,180,1.09,s,symmetric,6.0,symmetric,18.166666666666668,s,6.7056128,MeV
178Pb,82,96,178,0.2,ms,asymmetric,100.0,approximation,0.0002,s,7.7894724,MeV
179Pb,82,97,179,2.7,ms,symmetric,100.0,approximation,0.0027,s,7.5961352,MeV
180Pb,82,98,180,4.1,ms,symmetric,100.0,approximation,0.0040999999999999995,s,7.4186542,MeV
181Pb,82,99,181,36,ms,symmetric,100.0,approximation,0.036000000000000004,s,7.240276,MeV
194Pb,82,112,194,10.7,m,symmetric,7.3e-06,symmetric,8794520547.945204,s,4.737843,MeV
187Pb,82,105,187,15.2,s,symmetric,9.5,symmetric,160.0,s,6.3927844,MeV
188Pb,82,106,188,25.5,s,symmetric,8.5,symmetric,300.0,s,6.1088469,MeV
190Pb,82,108,190,71,s,symmetric,0.4,symmetric,17750.0,s,5.697536100000001,MeV
183Pb,82,101,183,535,ms,symmetric,100.0,approximation,0.535,s,6.9279999,MeV
184Pb,82,102,184,490,ms,symmetric,80.0,symmetric,0.6125,s,6.7740111,MeV
185Pb,82,103,185,6.3,s,symmetric,34.0,symmetric,18.52941176470588,s,6.6949999,MeV
186Pb,82,104,186,4.82,s,symmetric,40.0,symmetric,12.05,s,6.471072100000001,MeV
191Pb,82,109,191,1.33,m,symmetric,0.051,symmetric,156470.58823529416,s,5.4023497,MeV
192Pb,82,110,192,3.5,m,symmetric,0.0059,symmetric,3559322.033898305,s,5.2215895,MeV
182Pb,82,100,182,55,ms,symmetric,100.0,approximation,0.055,s,7.065873400000001,MeV
210Pb,82,128,210,22.2,y,symmetric,1.9e-06,symmetric,3.687256421052631e+16,s,3.7923827,MeV
196Bi,83,113,196,5.13,m,symmetric,0.00115,symmetric,26765217.391304348,s,5.4383004,MeV
194Bi,83,111,194,100,s,symmetric,0.46,symmetric,21739.130434782608,s,5.9182999,MeV
195Bi,83,112,195,183,s,symmetric,0.03,symmetric,610000.0,s,5.8324683,MeV
193Bi,83,110,193,63,s,symmetric,3.5,symmetric,1799.9999999999998,s,6.306626100000001,MeV
185Bi,83,102,185,2.8,us,asymmetric,8.0,symmetric,3.5e-05,s,8.138,MeV
186Bi,83,103,186,14.8,ms,symmetric,100.0,approximation,0.0148,s,7.7567999,MeV
184Bi,83,101,184,13,ms,symmetric,100.0,approximation,0.013000000000000001,s,8.22,MeV
189Bi,83,106,189,685,ms,symmetric,100.0,approximation,0.685,s,7.268165,MeV
190Bi,83,107,190,6.3,s,symmetric,90.0,asymmetric,7.0,s,6.862118499999999,MeV
188Bi,83,105,188,60,ms,symmetric,100.0,approximation,0.06,s,7.2636388,MeV
191Bi,83,108,191,12.4,s,symmetric,51.0,symmetric,24.313725490196077,s,6.780325,MeV
192Bi,83,109,192,34.6,s,symmetric,12.0,symmetric,288.33333333333337,s,6.3769499,MeV
214Bi,83,131,214,19.71,m,symmetric,0.021,symmetric,5631428.571428571,s,5.6212999,MeV
213Bi,83,130,213,45.607,m,symmetric,2.128,symmetric,128591.16541353383,s,5.9882062,MeV
211Bi,83,128,211,2.14,m,symmetric,99.724,symmetric,128.75536480686696,s,6.7504042,MeV
212Bi,83,129,212,60.551,m,symmetric,35.94,symmetric,10108.681135225375,s,6.207261900000001,MeV
209Bi,83,126,209,20100000000000000000,y,symmetric,100.0,symmetric,6.3430776e+26,s,3.1372975000000003,MeV
210Bi,83,127,210,5.012,d,symmetric,0.000132,symmetric,328058181818.18176,s,5.036472799999999,MeV
205Po,84,121,205,1.79,h,symmetric,0.04,symmetric,16110000.0,s,5.324718600000001,MeV
206Po,84,122,206,8.8,d,symmetric,5.45,symmetric,13950825.688073395,s,5.327024000000001,MeV
207Po,84,123,207,5.8,h,symmetric,0.021,symmetric,99428571.42857143,s,5.215866500000001,MeV
208Po,84,124,208,2.898,y,symmetric,99.996,symmetric,91457583.10332415,s,5.215692,MeV
209Po,84,125,209,124,y,symmetric,99.545,symmetric,3931028580.039178,s,4.9792314,MeV
210Po,84,126,210,138.378,d,symmetric,100.0,symmetric,11955859.2,s,5.407530700000001,MeV
211Po,84,127,211,0.516,s,symmetric,100.0,symmetric,0.516,s,7.5945602,MeV
212Po,84,128,212,295,ns,symmetric,100.0,symmetric,2.9500000000000003e-07,s,8.9541948,MeV
213Po,84,129,213,3.706,us,symmetric,100.0,symmetric,3.7059999999999998e-06,s,8.536138999999999,MeV
214Po,84,130,214,163.48,us,symmetric,100.0,symmetric,0.00016347999999999997,s,7.8335408,MeV
215Po,84,131,215,1.781,ms,symmetric,99.99977,symmetric,0.0017810040963094215,s,7.5263255000000004,MeV
216Po,84,132,216,144,ms,symmetric,100.0,symmetric,0.14400000000000002,s,6.9063495,MeV
217Po,84,133,217,1.53,s,symmetric,97.5,symmetric,1.5692307692307692,s,6.662134200000001,MeV
218Po,84,134,218,3.097,m,symmetric,99.978,symmetric,185.86088939566704,s,6.1147544,MeV
219Po,84,135,219,10.33,m,symmetric,28.2,symmetric,2197.8723404255325,s,5.9141999,MeV
186Po,84,102,186,28,us,asymmetric,100.0,approximation,2.8e-05,s,8.501171200000002,MeV
187Po,84,103,187,1.4,ms,symmetric,100.0,approximation,0.0014,s,7.978899900000001,MeV
188Po,84,104,188,270,us,symmetric,100.0,approximation,0.00027,s,8.0822927,MeV
189Po,84,105,189,3.5,ms,symmetric,100.0,symmetric,0.0035,s,7.6942999,MeV
191Po,84,107,191,22,ms,symmetric,100.0,approximation,0.022,s,7.4933085,MeV
192Po,84,108,192,32.2,ms,symmetric,100.0,approximation,0.032200000000000006,s,7.319625,MeV
193Po,84,109,193,407,ms,symmetric,100.0,approximation,0.40700000000000003,s,7.0938012,MeV
194Po,84,110,194,392,ms,symmetric,93.0,symmetric,0.421505376344086,s,6.987074,MeV
195Po,84,111,195,4.64,s,symmetric,94.0,symmetric,4.9361702127659575,s,6.749673,MeV
196Po,84,112,196,5.63,s,symmetric,94.0,symmetric,5.98936170212766,s,6.6581987,MeV
197Po,84,113,197,54,s,symmetric,44.0,symmetric,122.72727272727273,s,6.4112605,MeV
198Po,84,114,198,1.76,m,symmetric,57.0,symmetric,185.26315789473685,s,6.309672,MeV
199Po,84,115,199,5.5,m,symmetric,7.5,symmetric,4400.000000000001,s,6.0742948,MeV
200Po,84,116,200,11.5,m,symmetric,11.3,symmetric,6106.194690265486,s,5.9816351999999995,MeV
201Po,84,117,201,15.5,m,symmetric,1.13,symmetric,82300.88495575222,s,5.799303,MeV
202Po,84,118,202,44.6,m,symmetric,1.92,symmetric,139375.00000000003,s,5.7009575,MeV
203Po,84,119,203,36.7,m,symmetric,0.11,symmetric,2001818.181818182,s,5.4959999,MeV
204Po,84,120,204,3.518,h,symmetric,0.673,symmetric,1881842.4962852895,s,5.484896399999999,MeV
193At,85,108,193,28,ms,asymmetric,100.0,approximation,0.028,s,7.572424600000001,MeV
194At,85,109,194,286,ms,symmetric,100.0,approximation,0.28600000000000003,s,7.4544999,MeV
191At,85,106,191,1.7,ms,asymmetric,100.0,approximation,0.0017,s,7.822272600000001,MeV
204At,85,119,204,9.2,m,symmetric,3.9,symmetric,14153.846153846152,s,6.070406200000001,MeV
202At,85,117,202,184,s,symmetric,12.0,symmetric,1533.3333333333335,s,6.3538287,MeV
203At,85,118,203,7.4,m,symmetric,31.0,symmetric,1432.258064516129,s,6.2100934,MeV
200At,85,115,200,43,s,symmetric,53.0,symmetric,81.13207547169812,s,6.5962229,MeV
201At,85,116,201,85,s,symmetric,71.0,symmetric,119.71830985915494,s,6.4728382,MeV
198At,85,113,198,4.47,s,symmetric,90.0,symmetric,4.966666666666666,s,6.8893574,MeV
199At,85,114,199,6.97,s,symmetric,92.0,asymmetric,7.576086956521738,s,6.7772734,MeV
196At,85,111,196,377,ms,symmetric,97.5,symmetric,0.3866666666666667,s,7.1964462000000005,MeV
197At,85,112,197,388,ms,symmetric,96.1,symmetric,0.40374609781477633,s,7.104392799999999,MeV
213At,85,128,213,124,ns,symmetric,100.0,symmetric,1.24e-07,s,9.2541513,MeV
214At,85,129,214,558,ns,symmetric,100.0,symmetric,5.58e-07,s,8.9878374,MeV
211At,85,126,211,7.216,h,symmetric,41.78,symmetric,62177.11823839157,s,5.9824474,MeV
212At,85,127,212,314,ms,symmetric,100.0,approximation,0.314,s,7.8170863,MeV
209At,85,124,209,5.42,h,symmetric,4.1,symmetric,475902.4390243903,s,5.7568804,MeV
210At,85,125,210,8.1,h,symmetric,0.175,symmetric,16662857.142857142,s,5.6311855,MeV
207At,85,122,207,1.81,h,symmetric,10.0,approximation,65159.99999999999,s,5.8724955,MeV
208At,85,123,208,1.63,h,symmetric,0.55,symmetric,1066909.0909090908,s,5.7511098,MeV
205At,85,120,205,26.9,m,symmetric,10.0,symmetric,16139.999999999996,s,6.019571,MeV
206At,85,121,206,30.5,m,symmetric,0.9,symmetric,203333.3333333333,s,5.8865504,MeV
220At,85,135,220,3.71,m,symmetric,8.0,symmetric,2782.5,s,6.0768447,MeV
218At,85,133,218,1.28,s,symmetric,99.95,symmetric,1.28064032016008,s,6.8760822,MeV
219At,85,134,219,56,s,symmetric,93.6,symmetric,59.82905982905983,s,6.3418333,MeV
216At,85,131,216,0.3,ms,symmetric,100.0,approximation,0.0003,s,7.949705,MeV
217At,85,132,217,32.6,ms,symmetric,99.993,symmetric,0.03260228215975118,s,7.2013529,MeV
214Rn,86,128,214,259,ns,symmetric,100.0,symmetric,2.5900000000000003e-07,s,9.2084798,MeV
213Rn,86,127,213,19.38,ms,symmetric,100.0,symmetric,0.019379999999999998,s,8.24515,MeV
210Rn,86,124,210,2.42,h,symmetric,96.0,symmetric,9075.0,s,6.1589884,MeV
209Rn,86,123,209,28.7,m,symmetric,17.0,symmetric,10129.411764705881,s,6.155433100000001,MeV
212Rn,86,126,212,23.9,m,symmetric,100.0,symmetric,1434.0,s,6.385072,MeV
211Rn,86,125,211,14.7,h,symmetric,27.4,symmetric,193138.68613138687,s,5.965454800000001,MeV
206Rn,86,120,206,6.29,m,symmetric,62.0,symmetric,608.7096774193548,s,6.3837351,MeV
208Rn,86,122,208,24.28,m,symmetric,62.0,symmetric,2349.677419354839,s,6.2607403,MeV
207Rn,86,121,207,9.25,m,symmetric,21.0,symmetric,2642.857142857143,s,6.2511611,MeV
221Rn,86,135,221,25.7,m,symmetric,20.0,symmetric,7710.0,s,6.1629859,MeV
216Rn,86,130,216,29,us,symmetric,100.0,symmetric,2.9e-05,s,8.1978049,MeV
195Rn,86,109,195,6,ms,asymmetric,100.0,approximation,0.006,s,7.6940999,MeV
194Rn,86,108,194,0.78,ms,symmetric,100.0,approximation,0.0007800000000000001,s,7.8624159,MeV
193Rn,86,107,193,1.15,ms,symmetric,100.0,approximation,0.00115,s,8.0399999,MeV
203Rn,86,117,203,44,s,symmetric,66.0,symmetric,66.66666666666666,s,6.6298682,MeV
202Rn,86,116,202,9.75,s,symmetric,78.0,symmetric,12.5,s,6.7738018,MeV
205Rn,86,119,205,170,s,symmetric,25.0,symmetric,680.0,s,6.386486,MeV
204Rn,86,118,204,74,s,symmetric,72.0,symmetric,102.77777777777779,s,6.546652,MeV
199Rn,86,113,199,0.6,s,symmetric,100.0,approximation,0.6,s,7.1318922,MeV
198Rn,86,112,198,65,ms,symmetric,90.0,symmetric,0.07222222222222222,s,7.3493816,MeV
200Rn,86,114,200,1.03,s,symmetric,86.0,asymmetric,1.1976744186046513,s,7.0433611,MeV
197Rn,86,111,197,55,ms,asymmetric,100.0,approximation,0.055,s,7.410754600000001,MeV
196Rn,86,110,196,4.4,ms,asymmetric,100.0,approximation,0.0044,s,7.6167366,MeV
223Fr,87,136,223,21.99,m,symmetric,0.006,symmetric,21989999.999999996,s,5.5613922,MeV
221Fr,87,134,221,4.801,m,symmetric,99.995,symmetric,288.074403720186,s,6.457737,MeV
220Fr,87,133,220,27.4,s,symmetric,99.65,symmetric,27.49623682890115,s,6.800737900000001,MeV
216Fr,87,129,216,0.7,us,symmetric,100.0,symmetric,7e-07,s,9.174254999999999,MeV
214Fr,87,127,214,5.5,ms,symmetric,100.0,symmetric,0.0055,s,8.5888563,MeV
213Fr,87,126,213,34.17,s,symmetric,99.45,symmetric,34.35897435897436,s,6.9046577,MeV
208Fr,87,121,208,58.6,s,symmetric,89.0,symmetric,65.84269662921348,s,6.7854078,MeV
207Fr,87,120,207,14.8,s,symmetric,95.0,symmetric,15.578947368421055,s,6.8886707,MeV
212Fr,87,125,212,20.3,m,symmetric,43.0,symmetric,2832.558139534884,s,6.528987,MeV
211Fr,87,124,211,3.1,m,symmetric,87.0,symmetric,213.79310344827587,s,6.662251400000001,MeV
210Fr,87,123,210,3.18,m,symmetric,71.0,symmetric,268.7323943661972,s,6.6709639,MeV
209Fr,87,122,209,50.5,s,symmetric,89.0,symmetric,56.741573033707866,s,6.7774589,MeV
205Fr,87,118,205,3.9,s,symmetric,98.5,symmetric,3.9593908629441623,s,7.054709300000001,MeV
204Fr,87,117,204,1.8,s,symmetric,92.0,symmetric,1.9565217391304348,s,7.1702862,MeV
203Fr,87,116,203,550,ms,symmetric,100.0,approximation,0.55,s,7.274873899999999,MeV
202Fr,87,115,202,364,ms,symmetric,100.0,approximation,0.364,s,7.3853686,MeV
206Fr,87,119,206,16,s,approximation,88.4,symmetric,18.099547511312217,s,6.923331600000001,MeV
197Fr,87,110,197,0.6,ms,asymmetric,100.0,approximation,0.0006,s,7.8963752000000005,MeV
201Fr,87,114,201,63,ms,symmetric,100.0,approximation,0.063,s,7.5189119,MeV
200Fr,87,113,200,50,ms,symmetric,100.0,approximation,0.05,s,7.6218374,MeV
199Fr,87,112,199,4.5,ms,asymmetric,100.0,approximation,0.0045000000000000005,s,7.8167717,MeV
198Fr,87,111,198,15,ms,symmetric,100.0,approximation,0.015,s,7.8692720000000005,MeV
214Ra,88,126,214,2.438,s,symmetric,99.94,symmetric,2.4394636782069243,s,7.272588600000001,MeV
213Ra,88,125,213,2.73,m,symmetric,86.0,symmetric,190.46511627906975,s,6.861690800000001,MeV
216Ra,88,128,216,172,ns,symmetric,100.0,symmetric,1.72e-07,s,9.5257696,MeV
217Ra,88,129,217,1.59,us,symmetric,100.0,symmetric,1.59e-06,s,9.1605687,MeV
208Ra,88,120,208,1.11,s,symmetric,87.0,symmetric,1.2758620689655173,s,7.2731333000000005,MeV
210Ra,88,122,210,3.9,s,symmetric,100.0,approximation,3.9,s,7.1508409,MeV
209Ra,88,121,209,4.8,s,symmetric,100.0,approximation,4.8,s,7.1430886000000005,MeV
212Ra,88,124,212,13,s,symmetric,100.0,approximation,13.0,s,7.0317107,MeV
211Ra,88,123,211,13,s,symmetric,100.0,approximation,13.0,s,7.0416957,MeV
203Ra,88,115,203,31,ms,asymmetric,100.0,approximation,0.031,s,7.736261300000001,MeV
202Ra,88,114,202,3.8,ms,asymmetric,100.0,approximation,0.0038,s,7.8803036,MeV
205Ra,88,117,205,215,ms,asymmetric,100.0,approximation,0.215,s,7.4863498,MeV
204Ra,88,116,204,58,ms,asymmetric,100.0,approximation,0.058,s,7.6366358000000005,MeV
207Ra,88,119,207,1.4,s,symmetric,86.0,approximation,1.627906976744186,s,7.2731167999999995,MeV
206Ra,88,118,206,240,ms,symmetric,100.0,approximation,0.24,s,7.415257800000001,MeV
201Ra,88,113,201,8,ms,asymmetric,100.0,symmetric,0.008,s,8.001532599999999,MeV
208Ac,89,119,208,93,ms,asymmetric,100.0,approximation,0.093,s,7.7286302,MeV
207Ac,89,118,207,27,ms,asymmetric,100.0,approximation,0.027,s,7.844899900000001,MeV
206Ac,89,117,206,27,ms,symmetric,100.0,approximation,0.027,s,7.9582999,MeV
205Ac,89,116,205,7.7,ms,asymmetric,100.0,approximation,0.0077,s,8.0931999,MeV
212Ac,89,123,212,895,ms,symmetric,100.0,approximation,0.895,s,7.539611799999999,MeV
211Ac,89,122,211,210,ms,symmetric,100.0,approximation,0.21,s,7.567589700000001,MeV
210Ac,89,121,210,344,ms,asymmetric,100.0,approximation,0.34400000000000003,s,7.586022,MeV
209Ac,89,120,209,91,ms,asymmetric,100.0,approximation,0.091,s,7.7297872,MeV
216Ac,89,127,216,360,us,symmetric,100.0,symmetric,0.00035999999999999997,s,9.2408187,MeV
215Ac,89,126,215,170,ms,symmetric,99.91,symmetric,0.17015313782404165,s,7.7459488,MeV
213Ac,89,124,213,738,ms,symmetric,100.0,approximation,0.738,s,7.4982578,MeV
223Ac,89,134,223,2.12,m,symmetric,99.0,symmetric,128.4848484848485,s,6.7831999,MeV
222Ac,89,133,222,4.9,s,symmetric,99.0,symmetric,4.94949494949495,s,7.137441300000001,MeV
220Ac,89,131,220,26.4,ms,symmetric,100.0,symmetric,0.0264,s,8.3478172,MeV
227Ac,89,138,227,21.7725,y,symmetric,1.38,symmetric,49788974347.826096,s,5.0422697,MeV
226Ac,89,137,226,29.37,h,symmetric,0.006,symmetric,1762200000.0,s,5.5061819,MeV
224Ac,89,135,224,2.78,h,symmetric,9.1,asymmetric,109978.02197802198,s,6.326899900000001,MeV
232Th,90,142,232,14068419841,y,symmetric,100.0,symmetric,4.439655659743416e+17,s,4.0815999000000005,MeV
228Th,90,138,228,1.9116,y,symmetric,100.0,symmetric,60325508.16,s,5.5201511000000005,MeV
225Th,90,135,225,8.72,m,symmetric,90.0,approximation,581.3333333333334,s,6.921399900000001,MeV
216Th,90,126,216,26,ms,symmetric,100.0,symmetric,0.026000000000000002,s,8.072383799999999,MeV
213Th,90,123,213,146,ms,symmetric,100.0,approximation,0.146,s,7.8369514,MeV
212Th,90,122,212,31.7,ms,symmetric,100.0,approximation,0.0317,s,7.9580367,MeV
214Th,90,124,214,100,ms,symmetric,100.0,symmetric,0.1,s,7.8271772,MeV
211Th,90,121,211,37,ms,asymmetric,100.0,approximation,0.037,s,7.9374924,MeV
210Th,90,120,210,15.7,ms,symmetric,100.0,approximation,0.0157,s,8.0689919,MeV
209Th,90,119,209,2.5,ms,asymmetric,100.0,approximation,0.0025,s,8.166,MeV
208Th,90,118,208,3.1,ms,symmetric,100.0,approximation,0.0031000000000000003,s,8.2020281,MeV
211Pa,91,120,211,3.8,ms,asymmetric,100.0,approximation,0.0038,s,8.4810817,MeV
214Pa,91,123,214,17,ms,symmetric,100.0,symmetric,0.017,s,8.2708999,MeV
213Pa,91,122,213,5.3,ms,asymmetric,100.0,symmetric,0.0053,s,8.3843916,MeV
212Pa,91,121,212,5,ms,asymmetric,100.0,approximation,0.005,s,8.410752500000001,MeV
216Pa,91,125,216,118,ms,symmetric,100.0,approximation,0.11800000000000001,s,8.099282800000001,MeV
226Pa,91,135,226,1.8,m,symmetric,74.0,symmetric,145.94594594594594,s,6.9868864,MeV
230Pa,91,139,230,17.4,d,symmetric,0.0035,symmetric,42953142857.142845,s,5.4394263,MeV
229Pa,91,138,229,1.55,d,symmetric,0.51,symmetric,26258823.529411767,s,5.8346274000000005,MeV
228Pa,91,137,228,19.8,h,symmetric,1.85,symmetric,3852972.972972973,s,6.2645352,MeV
227Pa,91,136,227,38.3,m,symmetric,85.0,symmetric,2703.529411764706,s,6.580399900000001,MeV
231Pa,91,140,231,32739,y,symmetric,100.0,symmetric,1033164266400.0,s,5.1499071,MeV
215U,92,123,215,0.7,ms,asymmetric,100.0,approximation,0.0007,s,8.587999900000002,MeV
222U,92,130,222,4.7,us,symmetric,100.0,approximation,4.7e-06,s,9.481171,MeV
217U,92,125,217,16,ms,asymmetric,100.0,approximation,0.016,s,8.426,MeV
216U,92,124,216,4.5,ms,asymmetric,100.0,approximation,0.0045000000000000005,s,8.530627200000001,MeV
221U,92,129,221,0.66,us,symmetric,100.0,approximation,6.6e-07,s,9.889299900000001,MeV
233U,92,141,233,159189,y,symmetric,100.0,symmetric,5023622786400.0,s,4.9086781,MeV
232U,92,140,232,68.9,y,symmetric,100.0,symmetric,2174318640.0,s,5.41363,MeV
235U,92,143,235,703974287,y,symmetric,100.0,symmetric,2.22157389594312e+16,s,4.6780559,MeV
234U,92,142,234,245500,y,symmetric,100.0,symmetric,7747390800000.0,s,4.8575319,MeV
236U,92,144,236,23430000,y,symmetric,100.0,symmetric,739394568000000.0,s,4.5729562,MeV
230U,92,138,230,20.23,d,symmetric,100.0,symmetric,1747872.0,s,5.9924517999999996,MeV
229U,92,137,229,57.8,m,symmetric,20.0,approximation,17339.999999999996,s,6.4755112,MeV
231U,92,139,231,4.2,d,symmetric,0.004,symmetric,9072000000.0,s,5.5762769,MeV
238U,92,146,238,4463230100,y,symmetric,100.0,symmetric,1.4084883020376e+17,s,4.2698581,MeV
222Np,93,129,222,380,ns,asymmetric,100.0,symmetric,3.8e-07,s,10.200156999999999,MeV
220Np,93,127,220,25,us,asymmetric,100.0,approximation,2.4999999999999998e-05,s,10.2263078,MeV
219Np,93,126,219,150,us,asymmetric,100.0,approximation,0.00015,s,9.207497799999999,MeV
225Np,93,132,225,3.7,ms,asymmetric,100.0,approximation,0.0037,s,8.8182451,MeV
224Np,93,131,224,38,us,asymmetric,100.0,approximation,3.7999999999999995e-05,s,9.3289344,MeV
223Np,93,130,223,2.15,us,asymmetric,100.0,approximation,2.1499999999999997e-06,s,9.6504434,MeV
231Np,93,138,231,48.8,m,symmetric,2.0,symmetric,146400.0,s,6.368399900000001,MeV
229Np,93,136,229,4,m,symmetric,68.0,symmetric,352.94117647058823,s,7.0198216,MeV
228Np,93,135,228,61.4,s,symmetric,40.0,symmetric,153.5,s,7.538,MeV
237Np,93,144,237,2144000,y,symmetric,100.0,symmetric,67659494400000.0,s,4.957273,MeV
236Np,93,143,236,155000,y,symmetric,0.16,symmetric,3057142500000000.0,s,5.006629,MeV
235Np,93,142,235,396.1,d,symmetric,0.0026,symmetric,1316270769230.7693,s,5.1937905,MeV
244Pu,94,150,244,81300000,y,symmetric,99.877,symmetric,2568792494768565.5,s,4.6656077,MeV
239Pu,94,145,239,24109,y,symmetric,100.0,symmetric,760822178400.0,s,5.244521600000001,MeV
238Pu,94,144,238,87.7,y,symmetric,100.0,symmetric,2767601520.0,s,5.5932729,MeV
241Pu,94,147,241,14.329,y,symmetric,0.00245,symmetric,18456687771428.574,s,5.140066399999999,MeV
240Pu,94,146,240,6562.2,y,symmetric,100.0,symmetric,207087282720.0,s,5.2558215,MeV
235Pu,94,141,235,25.3,m,symmetric,0.0028,symmetric,54214285.71428572,s,5.951478900000001,MeV
234Pu,94,140,234,8.8,h,symmetric,6.0,approximation,528000.0000000001,s,6.3100537,MeV
237Pu,94,143,237,45.64,d,symmetric,0.0032,symmetric,123228000000.0,s,5.7476353,MeV
236Pu,94,142,236,2.858,y,symmetric,100.0,symmetric,90191620.8,s,5.8671471,MeV
232Pu,94,138,232,33.1,m,symmetric,11.0,symmetric,18054.545454545456,s,6.715998,MeV
231Pu,94,137,231,8.6,m,symmetric,10.0,asymmetric,5159.999999999999,s,6.838627499999999,MeV
233Pu,94,139,233,20.9,m,symmetric,0.12,symmetric,1045000.0000000001,s,6.4162999,MeV
230Pu,94,136,230,107,s,symmetric,100.0,symmetric,107.0,s,7.1784564,MeV
229Pu,94,135,229,83,s,asymmetric,50.0,symmetric,166.0,s,7.598006900000001,MeV
229Am,95,134,229,0.9,s,asymmetric,100.0,approximation,0.9,s,8.1373999,MeV
233Am,95,138,233,3.2,m,symmetric,4.5,symmetric,4266.666666666667,s,7.059,MeV
237Am,95,142,237,73,m,symmetric,0.025,symmetric,17520000.0,s,6.196,MeV
235Am,95,140,235,10.3,m,symmetric,0.4,symmetric,154500.0,s,6.5759999,MeV
240Am,95,145,240,50.9,h,symmetric,0.00019,approximation,96442105263.15788,s,5.7071000000000005,MeV
239Am,95,144,239,11.9,h,symmetric,0.01,symmetric,428400000.0,s,5.9223999,MeV
238Am,95,143,238,97.4,m,symmetric,0.0001,symmetric,5844000000.000001,s,6.041699899999999,MeV
223Am,95,128,223,5.2,ms,asymmetric,100.0,approximation,0.005200000000000001,s,10.838000000000001,MeV
236Cm,96,140,236,6.8,m,symmetric,18.0,symmetric,2266.6666666666665,s,7.066989700000001,MeV
234Cm,96,138,234,50,s,asymmetric,27.0,approximation,185.18518518518516,s,7.3653254,MeV
233Cm,96,137,233,23,s,asymmetric,20.0,symmetric,115.0,s,7.4734999,MeV
235Cm,96,139,235,300,s,asymmetric,1.0,asymmetric,30000.0,s,7.28,MeV
246Cm,96,150,246,4757,y,symmetric,99.97385,symmetric,150158769718.28134,s,5.4751197000000005,MeV
248Cm,96,152,248,348471,y,symmetric,91.61,symmetric,12004048062001.965,s,5.161810900000001,MeV
238Cm,96,142,238,2.2,h,symmetric,3.84,symmetric,206250.00000000003,s,6.670301,MeV
241Cm,96,145,241,32.8,d,symmetric,1.0,symmetric,283391999.99999994,s,6.1851918999999995,MeV
243Cm,96,147,243,29.18,y,symmetric,99.71,symmetric,923529002.1061077,s,6.1687999,MeV
242Cm,96,146,242,162.88,d,symmetric,100.0,symmetric,14072832.0,s,6.2156349,MeV
245Cm,96,149,245,8245,y,symmetric,100.0,symmetric,260192412000.0,s,5.6244928000000005,MeV
244Cm,96,148,244,18.112,y,symmetric,100.0,approximation,571571251.1999999,s,5.9015999,MeV
243Bk,97,146,243,4.6,h,symmetric,0.15,approximation,11040000.0,s,6.8743533,MeV
244Bk,97,147,244,5.02,h,symmetric,0.006,symmetric,301199999.99999994,s,6.7787999,MeV
245Bk,97,148,245,4.96,d,symmetric,0.12,symmetric,357120000.00000006,s,6.4545246,MeV
247Bk,97,150,247,1380,y,symmetric,100.0,approximation,43549488000.0,s,5.8895999,MeV
236Bk,97,139,236,22,s,asymmetric,17.0,approximation,129.41176470588235,s,7.697,MeV
249Bk,97,152,249,327.2,d,symmetric,0.00137,symmetric,2063509489051.095,s,5.5209999,MeV
246Cf,98,148,246,35.7,h,symmetric,99.9946,symmetric,128526.94045478456,s,6.8616127,MeV
247Cf,98,149,247,3.11,h,symmetric,0.035,symmetric,31988571.428571425,s,6.5025408,MeV
244Cf,98,146,244,19.4,m,symmetric,75.0,symmetric,1551.9999999999998,s,7.3289581,MeV
245Cf,98,147,245,45,m,symmetric,35.3,symmetric,7648.72521246459,s,7.258465500000001,MeV
242Cf,98,144,242,3.49,m,symmetric,61.0,symmetric,343.2786885245902,s,7.5168626000000005,MeV
243Cf,98,145,243,10.6,m,symmetric,14.0,approximation,4542.857142857142,s,7.418,MeV
240Cf,98,142,240,41.2,s,symmetric,98.5,symmetric,41.82741116751269,s,7.7109834,MeV
241Cf,98,143,241,3.78,m,symmetric,15.0,symmetric,1512.0,s,7.655,MeV
239Cf,98,141,239,28,s,symmetric,65.0,symmetric,43.07692307692307,s,7.763450700000001,MeV
248Cf,98,150,248,333.5,d,symmetric,99.9971,symmetric,28815235.64183361,s,6.3611999,MeV
237Cf,98,139,237,0.8,s,symmetric,70.0,symmetric,1.142857142857143,s,8.219999900000001,MeV
253Cf,98,155,253,17.78,d,symmetric,0.31,symmetric,495545806.45161295,s,6.1259499,MeV
254Cf,98,156,254,60.5,d,symmetric,0.31,symmetric,1686193548.387097,s,5.926891800000001,MeV
251Cf,98,153,251,898,y,symmetric,100.0,approximation,28338724800.0,s,6.1769599,MeV
252Cf,98,154,252,2.647,y,symmetric,96.898,symmetric,86207111.80829325,s,6.2169469,MeV
249Cf,98,151,249,350.7,y,symmetric,100.0,symmetric,11067250320.0,s,6.293292800000001,MeV
250Cf,98,152,250,13.08,y,symmetric,99.923,symmetric,413091488.4461035,s,6.128508200000001,MeV
246Es,99,147,246,7.5,m,symmetric,9.9,symmetric,4545.454545454545,s,7.642,MeV
247Es,99,148,247,4.55,m,symmetric,7.0,approximation,3899.999999999999,s,7.4638478,MeV
248Es,99,149,248,24,m,symmetric,0.3,approximation,480000.0,s,7.16,MeV
242Es,99,143,242,17.8,s,symmetric,57.0,symmetric,31.2280701754386,s,8.1601152,MeV
243Es,99,144,243,22,s,symmetric,61.0,symmetric,36.0655737704918,s,8.0721077,MeV
244Es,99,145,244,37,s,symmetric,4.0,asymmetric,925.0,s,7.936,MeV
245Es,99,146,245,1.12,m,asymmetric,54.0,symmetric,124.44444444444444,s,7.9093581,MeV
240Es,99,141,240,6.7,s,symmetric,70.0,symmetric,9.571428571428573,s,8.2587789,MeV
253Es,99,154,253,20.466,d,symmetric,100.0,symmetric,1768262.4000000001,s,6.739237600000001,MeV
254Es,99,155,254,275.7,d,symmetric,100.0,approximation,23820480.0,s,6.617229900000001,MeV
255Es,99,156,255,39.8,d,symmetric,8.0,symmetric,42983999.99999999,s,6.4363399,MeV
249Es,99,150,249,102.2,m,symmetric,0.57,symmetric,1075789.4736842108,s,6.936,MeV
251Es,99,152,251,33,h,symmetric,0.5,symmetric,23760000.0,s,6.59711,MeV
252Es,99,153,252,471.7,d,symmetric,78.0,symmetric,52249846.15384615,s,6.738642,MeV
245Fm,100,145,245,5.4,s,symmetric,88.5,asymmetric,6.101694915254238,s,8.44,MeV
243Fm,100,143,243,231,ms,symmetric,91.0,symmetric,0.25384615384615383,s,8.6891999,MeV
249Fm,100,149,249,1.6,m,symmetric,15.6,symmetric,615.3846153846155,s,7.7090754,MeV
248Fm,100,148,248,34.5,s,symmetric,99.9,approximation,34.53453453453453,s,7.994780800000001,MeV
246Fm,100,146,246,1.53,s,symmetric,93.6,symmetric,1.6346153846153848,s,8.379289,MeV
252Fm,100,152,252,25.38,h,symmetric,99.9977,symmetric,91370.10151233479,s,7.1537437,MeV
251Fm,100,151,251,5.3,h,symmetric,1.8,symmetric,1059999.9999999998,s,7.4244999,MeV
250Fm,100,150,250,30.9,m,symmetric,100.0,approximation,1854.0,s,7.557049200000001,MeV
256Fm,100,156,256,157.1,m,symmetric,8.1,symmetric,116370.37037037036,s,7.0252702000000005,MeV
255Fm,100,155,255,20.07,h,symmetric,100.0,approximation,72252.0,s,7.2405682,MeV
254Fm,100,154,254,3.24,h,symmetric,99.9408,symmetric,11670.909178233514,s,7.3072696,MeV
253Fm,100,153,253,3,d,symmetric,12.0,symmetric,2160000.0,s,7.1978999,MeV
257Fm,100,157,257,100.5,d,symmetric,99.79,symmetric,8701473.093496341,s,6.8636599,MeV
251Md,101,150,251,4.27,m,symmetric,10.0,symmetric,2561.9999999999995,s,7.963439900000001,MeV
253Md,101,152,253,6.45,m,asymmetric,0.7,approximation,55285.71428571429,s,7.5730769,MeV
256Md,101,155,256,77.7,m,symmetric,9.5,symmetric,49073.68421052632,s,7.737,MeV
255Md,101,154,255,27,m,symmetric,7.0,symmetric,23142.85714285714,s,7.905606,MeV
258Md,101,157,258,51.52,d,symmetric,100.0,approximation,4451328.0,s,7.2712826999999995,MeV
257Md,101,156,257,5.52,h,symmetric,15.0,symmetric,132480.0,s,7.557069900000001,MeV
245Md,101,144,245,0.33,s,asymmetric,100.0,approximation,0.33,s,9.006,MeV
244Md,101,143,244,0.39,s,asymmetric,100.0,approximation,0.39,s,8.946999900000002,MeV
247Md,101,146,247,1.2,s,symmetric,99.14,symmetric,1.2104095218882387,s,8.7643999,MeV
246Md,101,145,246,0.9,s,symmetric,100.0,symmetric,0.9,s,8.8887896,MeV
249Md,101,148,249,25.6,s,symmetric,75.0,symmetric,34.13333333333333,s,8.441,MeV
248Md,101,147,248,7,s,symmetric,20.0,symmetric,35.0,s,8.4972929,MeV
250Md,101,149,250,53.4,s,symmetric,7.0,symmetric,762.8571428571428,s,8.1554227,MeV
259No,102,157,259,58,m,symmetric,75.0,symmetric,4640.0,s,7.8539999,MeV
257No,102,155,257,24.5,s,symmetric,85.0,symmetric,28.823529411764707,s,8.4765999,MeV
256No,102,154,256,2.93,s,symmetric,99.47,symmetric,2.9456117422338393,s,8.5815194,MeV
255No,102,153,255,3.52,m,symmetric,30.0,symmetric,704.0,s,8.428209800000001,MeV
254No,102,152,254,51.2,s,symmetric,90.0,symmetric,56.88888888888889,s,8.2262032,MeV
253No,102,151,253,1.61,m,asymmetric,55.0,symmetric,175.63636363636363,s,8.4146374,MeV
252No,102,150,252,2.45,s,symmetric,65.3,symmetric,3.751914241960184,s,8.548661599999999,MeV
251No,102,149,251,0.8,s,symmetric,90.0,symmetric,0.888888888888889,s,8.751714,MeV
249No,102,147,249,37.8,ms,symmetric,100.0,approximation,0.0378,s,9.17,MeV
258Lr,103,155,258,3.86,s,asymmetric,97.4,symmetric,3.963039014373716,s,8.9044827,MeV
257Lr,103,154,257,5.9,s,symmetric,100.0,approximation,5.9,s,9.067744000000001,MeV
259Lr,103,156,259,6.22,s,asymmetric,78.0,symmetric,7.974358974358974,s,8.584,MeV
254Lr,103,151,254,11.9,s,symmetric,71.7,symmetric,16.596931659693166,s,8.8218308,MeV
253Lr,103,150,253,0.65,s,symmetric,99.0,approximation,0.6565656565656566,s,8.9176035,MeV
256Lr,103,153,256,27.9,s,symmetric,85.0,approximation,32.8235294117647,s,8.8545692,MeV
255Lr,103,152,255,31.1,s,symmetric,99.7,symmetric,31.193580742226683,s,8.555640799999999,MeV
251Lr,103,148,251,24.4,ms,asymmetric,100.0,approximation,0.024399999999999998,s,9.469,MeV
259Rf,104,155,259,2.5,s,asymmetric,85.0,symmetric,2.9411764705882355,s,9.13,MeV
258Rf,104,154,258,9.81,ms,symmetric,4.9,symmetric,0.20020408163265307,s,9.1961101,MeV
257Rf,104,153,257,4.5,s,symmetric,89.3,symmetric,5.039193729003359,s,9.0827769,MeV
256Rf,104,152,256,6.76,ms,symmetric,0.31,symmetric,2.1806451612903226,s,8.9257062,MeV
255Rf,104,151,255,1.67,s,symmetric,49.0,symmetric,3.4081632653061225,s,9.0554615,MeV
253Rf,104,149,253,10.3,ms,symmetric,13.0,approximation,0.07923076923076924,s,9.43,MeV
268Db,105,163,268,26.4,h,symmetric,55.0,asymmetric,172799.99999999997,s,8.26,MeV
258Db,105,153,258,2.08,s,symmetric,64.0,symmetric,3.25,s,9.4368999,MeV
260Db,105,155,260,1.51,s,symmetric,90.0,symmetric,1.6777777777777778,s,9.501,MeV
259Db,105,154,259,0.51,s,symmetric,100.0,symmetric,0.51,s,9.6187999,MeV
262Db,105,157,262,34.4,s,asymmetric,46.0,symmetric,74.78260869565217,s,9.046,MeV
261Db,105,156,261,4.1,s,asymmetric,27.0,symmetric,15.185185185185183,s,9.218,MeV
263Db,105,158,263,27,s,asymmetric,42.0,symmetric,64.28571428571429,s,8.834,MeV
256Db,105,151,256,1.9,s,asymmetric,70.0,symmetric,2.7142857142857144,s,9.336131,MeV
263Sg,106,157,263,0.9,s,asymmetric,87.0,symmetric,1.0344827586206897,s,9.403263,MeV
262Sg,106,156,262,11.4,ms,symmetric,6.0,symmetric,0.19,s,9.5998187,MeV
261Sg,106,155,261,183,ms,symmetric,98.1,symmetric,0.18654434250764526,s,9.7136999,MeV
260Sg,106,154,260,4.83,ms,symmetric,71.0,symmetric,0.006802816901408451,s,9.900587100000001,MeV
259Sg,106,153,259,0.4,s,symmetric,97.0,symmetric,0.4123711340206186,s,9.7650775,MeV
267Sg,106,161,267,1.4,m,asymmetric,17.0,approximation,494.1176470588235,s,8.625,MeV
271Sg,106,165,271,1.6,m,asymmetric,50.0,approximation,192.0,s,8.748,MeV
269Sg,106,163,269,2.13,m,asymmetric,100.0,approximation,127.8,s,8.5774408,MeV
262Bh,107,155,262,88,ms,asymmetric,100.0,approximation,0.088,s,10.3194999,MeV
261Bh,107,154,261,11.7,ms,asymmetric,100.0,approximation,0.0117,s,10.5002083,MeV
264Bh,107,157,264,0.99,s,asymmetric,85.0,approximation,1.1647058823529413,s,9.86,MeV
260Bh,107,153,260,35,ms,asymmetric,100.0,approximation,0.035,s,10.4002999,MeV
267Bh,107,160,267,16,s,asymmetric,100.0,approximation,16.0,s,9.23,MeV
272Bh,107,165,272,9.4,s,symmetric,100.0,approximation,9.4,s,9.302999900000001,MeV
274Bh,107,167,274,44,s,asymmetric,100.0,approximation,44.0,s,8.9399999,MeV
271Bh,107,164,271,1.5,s,asymmetric,100.0,approximation,1.5,s,9.4199999,MeV
270Bh,107,163,270,1,m,asymmetric,100.0,approximation,60.0,s,9.064499900000001,MeV
266Bh,107,159,266,10,s,asymmetric,100.0,approximation,10.0,s,9.426,MeV
265Bh,107,158,265,0.94,s,asymmetric,100.0,approximation,0.94,s,9.662,MeV
267Hs,108,159,267,53,ms,asymmetric,100.0,approximation,0.053,s,10.0375052,MeV
266Hs,108,158,266,2.97,ms,asymmetric,76.0,symmetric,0.003907894736842105,s,10.3456864,MeV
265Hs,108,157,265,1.9,ms,asymmetric,100.0,approximation,0.0019,s,10.470324399999999,MeV
269Hs,108,161,269,13,s,asymmetric,100.0,approximation,13.0,s,9.274000000000001,MeV
268Hs,108,160,268,0.4,s,asymmetric,100.0,approximation,0.4,s,9.76,MeV
275Hs,108,167,275,0.2,s,asymmetric,100.0,approximation,0.2,s,9.449999900000002,MeV
273Hs,108,165,273,0.51,s,asymmetric,100.0,approximation,0.51,s,9.649999900000001,MeV
264Hs,108,156,264,0.63,ms,asymmetric,80.0,asymmetric,0.0007875,s,10.5907541,MeV
263Hs,108,155,263,0.74,ms,asymmetric,100.0,approximation,0.00074,s,10.733499900000002,MeV
276Mt,109,167,276,0.62,s,symmetric,100.0,approximation,0.62,s,10.0999999,MeV
278Mt,109,169,278,4.5,s,asymmetric,100.0,approximation,4.5,s,9.5799999,MeV
270Mt,109,161,270,0.48,s,asymmetric,100.0,approximation,0.48,s,10.18,MeV
275Mt,109,166,275,20,ms,asymmetric,100.0,approximation,0.02,s,10.4826999,MeV
274Mt,109,165,274,0.44,s,asymmetric,100.0,approximation,0.44,s,10.595,MeV
268Mt,109,159,268,21,ms,asymmetric,100.0,approximation,0.021,s,10.768,MeV
267Ds,110,157,267,3,us,asymmetric,100.0,approximation,3e-06,s,11.7767587,MeV
269Ds,110,159,269,180,us,asymmetric,100.0,approximation,0.00017999999999999998,s,11.5095104,MeV
281Ds,110,171,281,12,s,asymmetric,6.0,approximation,200.0,s,9.473,MeV
282Ds,110,172,282,1.1,m,asymmetric,100.0,approximation,66.0,s,9.145,MeV
270Ds,110,160,270,0.19,ms,asymmetric,100.0,approximation,0.00019,s,11.1169933,MeV
277Ds,110,167,277,3.5,ms,asymmetric,100.0,approximation,0.0035,s,10.9,MeV
273Ds,110,163,273,190,us,asymmetric,100.0,approximation,0.00018999999999999998,s,11.3668999,MeV
271Ds,110,161,271,1.6,ms,asymmetric,100.0,approximation,0.0016,s,10.8699743,MeV
279Ds,110,169,279,216,ms,asymmetric,12.5,approximation,1.728,s,10.107000000000001,MeV
282Rg,111,171,282,100,s,asymmetric,100.0,approximation,100.0,s,9.55,MeV
281Rg,111,170,281,11,s,asymmetric,12.0,asymmetric,91.66666666666667,s,9.9,MeV
278Rg,111,167,278,4.2,ms,asymmetric,100.0,approximation,0.004200000000000001,s,10.8462999,MeV
274Rg,111,163,274,12,ms,asymmetric,100.0,approximation,0.012,s,11.4778999,MeV
272Rg,111,161,272,3.8,ms,asymmetric,100.0,approximation,0.0038,s,11.1974272,MeV
279Rg,111,168,279,90,ms,asymmetric,100.0,approximation,0.09,s,10.529999900000002,MeV
280Rg,111,169,280,3.87,s,symmetric,100.0,approximation,3.87,s,10.1487999,MeV
277Cn,112,165,277,0.61,ms,asymmetric,100.0,approximation,0.00061,s,11.6221999,MeV
281Cn,112,169,281,180,ms,asymmetric,100.0,approximation,0.18,s,10.4299999,MeV
286Cn,112,174,286,11,m,asymmetric,100.0,approximation,660.0,s,9.235,MeV
283Cn,112,171,283,4.6,s,asymmetric,85.0,approximation,5.411764705882352,s,9.888,MeV
284Cn,112,172,284,121,ms,asymmetric,2.0,approximation,6.05,s,9.67,MeV
285Cn,112,173,285,33,s,asymmetric,100.0,approximation,33.0,s,9.388,MeV
278Nh,113,165,278,1.4,s,asymmetric,100.0,approximation,1.4,s,11.9927999,MeV
282Nh,113,169,282,73,ms,asymmetric,100.0,approximation,0.073,s,10.7831999,MeV
284Nh,113,171,284,0.82,s,symmetric,100.0,approximation,0.82,s,10.280002699999999,MeV
285Nh,113,172,285,2.1,s,asymmetric,100.0,approximation,2.1,s,10.0099999,MeV
283Nh,113,170,283,70,ms,asymmetric,100.0,approximation,0.07,s,10.417,MeV
286Nh,113,173,286,9.5,s,asymmetric,100.0,approximation,9.5,s,9.789999900000002,MeV
290Nh,113,177,290,2,s,asymmetric,100.0,approximation,2.0,s,9.38,MeV
285Fl,114,171,285,100,ms,asymmetric,100.0,approximation,0.1,s,10.559999900000001,MeV
286Fl,114,172,286,121,ms,asymmetric,60.0,asymmetric,0.2016666666666667,s,10.3550663,MeV
287Fl,114,173,287,400,ms,asymmetric,100.0,approximation,0.4,s,10.166799900000001,MeV
288Fl,114,174,288,0.64,s,asymmetric,100.0,approximation,0.64,s,10.0764873,MeV
289Fl,114,175,289,2.4,s,asymmetric,100.0,approximation,2.4,s,9.9541798,MeV
290Mc,115,175,290,0.65,s,asymmetric,100.0,approximation,0.65,s,10.4099999,MeV
288Mc,115,173,288,199,ms,symmetric,100.0,approximation,0.199,s,10.649999900000001,MeV
289Mc,115,174,289,277,ms,asymmetric,100.0,approximation,0.277,s,10.4899999,MeV
287Mc,115,172,287,37,ms,asymmetric,100.0,approximation,0.037,s,10.7599999,MeV
290Lv,116,174,290,8.3,ms,asymmetric,100.0,approximation,0.0083,s,10.9968334,MeV
291Lv,116,175,291,19,ms,asymmetric,100.0,approximation,0.019,s,10.889999900000001,MeV
292Lv,116,176,292,12.8,ms,asymmetric,100.0,approximation,0.0128,s,10.7911897,MeV
293Lv,116,177,293,95,ms,asymmetric,100.0,approximation,0.095,s,10.677327100000001,MeV
293Ts,117,176,293,21,ms,asymmetric,100.0,approximation,0.021,s,11.319999900000001,MeV
294Ts,117,177,294,51,ms,asymmetric,100.0,approximation,0.051000000000000004,s,11.1799999,MeV
294Og,118,176,294,0.58,ms,asymmetric,100.0,approximation,0.00058,s,11.8673266,MeV
